"md5";"sha1";"category";"description"
"e48193e7c36d3e60971fde41997f4106";"d4dd0622b4a50be3d042d58e40644a8641f1521e";"Internet Device";"MÃ³dem Residencial HG532e"
"a8fe5b8ae2c445a33ac41b33ccc9a120";"35fd40fd1bd2bde550fc4ab72f63449d62892791";"Error Page";"Access to this web page is currently unavailable."
"d41d8cd98f00b204e9800998ecf8427e";"da39a3ee5e6b4b0d3255bfef95601890afd80709";"Error Page";"Blank Page"
"4016236e0e3e5f2c58896fefdb156592";"0745d5a3a0d3e0045d008e4f2b6706eab5e6f7fd";"Error Page";"cPanel"
"dfbd1ee66a4e792349591b88660c0956";"bc517bf173440dad15b99a051389fadc366d5df2";"Error Page";"IIS7"
"21dde95d9d269cbb2fa6560309dca40c";"26da7547c4ac841fd1bde1dd11fc24b1494b6f7a";"Default Page";"Apache It Works"
"3fc4d032902a59ac9ced8c3ca2c5d946";"297720e72f3d9756185b1f3392dfe033327a70fe";"Error Page";"/UI 403 Forbidden"
"d14716289d083f41edf9fc8f91dd3575";"26b7280ea32222446a81c598ec1a6f5f00203063";"Internet Device";"Comcast Gateway"
"e3eb0a1df437f3f97a64aca5952c8ea0";"7dd71afcfb14e105e80b0c0d7fce370a28a41f0a";"Default Page";"nginx"
"a1990a104f3f65656681cb0a0c8d782b";"dd7a711968012c06091fde39b372bbfa87801663";"CCTV";"HQVision"
"a830b0e97fa76646996f884a682e25ab";"24a820d749a0003acb1ae254fc023cf451fad20a";"Internet Device";"HG532e Claro"
"08795ed345d72c1749c635944aaa5e79";"2d2e1fa21b700138995ed9e27ade17802c380f5c";"CCTV";"Hikvision Digital"
"c32ad802df5abca941d784abf642e7fd";"6c191d1298ee38bab0a441845ff7d928422ab0c0";"Default Page";"Apache2 Server Ubuntu"
"d0f7a87a62130fafb5c8e69c6ed6ff41";"cb28f948d06d1e5372a104811c17b4ba594848a0";"Internet Device";"FreeBox OS"
"21faaa5bc1181cbc0edc583c4f345618";"c6f7fb62ac20385c2fe1862fd89ae8a0ad8012c6";"Internet Device";"ZyXEL P-2601HN-F1 Wireless Router"